<?xml version="1.0" encoding="UTF-8"?>
<!DOCTYPE mapper PUBLIC "-//mybatis.org//DTD Mapper 3.0//EN" "http://mybatis.org/dtd/mybatis-3-mapper.dtd">
<mapper namespace="com.cskaoyan.mapper.CommentMapper">
  <resultMap id="BaseResultMap" type="com.cskaoyan.bean.Comment">
    <id column="id" jdbcType="INTEGER" property="id" />
    <result column="value_id" jdbcType="INTEGER" property="valueId" />
    <result column="type" jdbcType="TINYINT" property="type" />
    <result column="content" jdbcType="VARCHAR" property="content" />
    <result column="user_id" jdbcType="INTEGER" property="userId" />
    <result column="has_picture" jdbcType="BIT" property="hasPicture" />
    <result column="pic_urls" jdbcType="VARCHAR" property="picUrls" />
    <result column="star" jdbcType="SMALLINT" property="star" />
    <result column="add_time" jdbcType="TIMESTAMP" property="addTime" />
    <result column="update_time" jdbcType="TIMESTAMP" property="updateTime" />
    <result column="deleted" jdbcType="BIT" property="deleted" />
  </resultMap>
  <sql id="Example_Where_Clause">
    <where>
      <foreach collection="oredCriteria" item="criteria" separator="or">
        <if test="criteria.valid">
          <trim prefix="(" prefixOverrides="and" suffix=")">
            <foreach collection="criteria.criteria" item="criterion">
              <choose>
                <when test="criterion.noValue">
                  and ${criterion.condition}
                </when>
                <when test="criterion.singleValue">
                  and ${criterion.condition} #{criterion.value}
                </when>
                <when test="criterion.betweenValue">
                  and ${criterion.condition} #{criterion.value} and #{criterion.secondValue}
                </when>
                <when test="criterion.listValue">
                  and ${criterion.condition}
                  <foreach close=")" collection="criterion.value" item="listItem" open="(" separator=",">
                    #{listItem}
                  </foreach>
                </when>
              </choose>
            </foreach>
          </trim>
        </if>
      </foreach>
    </where>
  </sql>
  <sql id="Update_By_Example_Where_Clause">
    <where>
      <foreach collection="example.oredCriteria" item="criteria" separator="or">
        <if test="criteria.valid">
          <trim prefix="(" prefixOverrides="and" suffix=")">
            <foreach collection="criteria.criteria" item="criterion">
              <choose>
                <when test="criterion.noValue">
                  and ${criterion.condition}
                </when>
                <when test="criterion.singleValue">
                  and ${criterion.condition} #{criterion.value}
                </when>
                <when test="criterion.betweenValue">
                  and ${criterion.condition} #{criterion.value} and #{criterion.secondValue}
                </when>
                <when test="criterion.listValue">
                  and ${criterion.condition}
                  <foreach close=")" collection="criterion.value" item="listItem" open="(" separator=",">
                    #{listItem}
                  </foreach>
                </when>
              </choose>
            </foreach>
          </trim>
        </if>
      </foreach>
    </where>
  </sql>
  <sql id="Base_Column_List">
    id, value_id, type, content, user_id, has_picture, pic_urls, star, add_time, update_time, 
    deleted
  </sql>
  <select id="selectByExample" parameterType="com.cskaoyan.bean.CommentExample" resultMap="BaseResultMap">
    select
    <if test="distinct">
      distinct
    </if>
    <include refid="Base_Column_List" />
    from cskaoyan_mall_comment
    <if test="_parameter != null">
      <include refid="Example_Where_Clause" />
    </if>
    <if test="orderByClause != null">
      order by ${orderByClause}
    </if>
  </select>
  <select id="selectByPrimaryKey" parameterType="java.lang.Integer" resultMap="BaseResultMap">
    select 
    <include refid="Base_Column_List" />
    from cskaoyan_mall_comment
    where id = #{id,jdbcType=INTEGER}
  </select>
  <delete id="deleteByPrimaryKey" parameterType="java.lang.Integer">
    delete from cskaoyan_mall_comment
    where id = #{id,jdbcType=INTEGER}
  </delete>
  <delete id="deleteByExample" parameterType="com.cskaoyan.bean.CommentExample">
    delete from cskaoyan_mall_comment
    <if test="_parameter != null">
      <include refid="Example_Where_Clause" />
    </if>
  </delete>
  <insert id="insert" parameterType="com.cskaoyan.bean.Comment">
    insert into cskaoyan_mall_comment (id, value_id, type, 
      content, user_id, has_picture, 
      pic_urls, star, add_time, 
      update_time, deleted)
    values (#{id,jdbcType=INTEGER}, #{valueId,jdbcType=INTEGER}, #{type,jdbcType=TINYINT}, 
      #{content,jdbcType=VARCHAR}, #{userId,jdbcType=INTEGER}, #{hasPicture,jdbcType=BIT}, 
      #{picUrls,jdbcType=VARCHAR}, #{star,jdbcType=SMALLINT}, #{addTime,jdbcType=TIMESTAMP}, 
      #{updateTime,jdbcType=TIMESTAMP}, #{deleted,jdbcType=BIT})
  </insert>
  <insert id="insertSelective" parameterType="com.cskaoyan.bean.Comment">
    insert into cskaoyan_mall_comment
    <trim prefix="(" suffix=")" suffixOverrides=",">
      <if test="id != null">
        id,
      </if>
      <if test="valueId != null">
        value_id,
      </if>
      <if test="type != null">
        type,
      </if>
      <if test="content != null">
        content,
      </if>
      <if test="userId != null">
        user_id,
      </if>
      <if test="hasPicture != null">
        has_picture,
      </if>
      <if test="picUrls != null">
        pic_urls,
      </if>
      <if test="star != null">
        star,
      </if>
      <if test="addTime != null">
        add_time,
      </if>
      <if test="updateTime != null">
        update_time,
      </if>
      <if test="deleted != null">
        deleted,
      </if>
    </trim>
    <trim prefix="values (" suffix=")" suffixOverrides=",">
      <if test="id != null">
        #{id,jdbcType=INTEGER},
      </if>
      <if test="valueId != null">
        #{valueId,jdbcType=INTEGER},
      </if>
      <if test="type != null">
        #{type,jdbcType=TINYINT},
      </if>
      <if test="content != null">
        #{content,jdbcType=VARCHAR},
      </if>
      <if test="userId != null">
        #{userId,jdbcType=INTEGER},
      </if>
      <if test="hasPicture != null">
        #{hasPicture,jdbcType=BIT},
      </if>
      <if test="picUrls != null">
        #{picUrls,jdbcType=VARCHAR},
      </if>
      <if test="star != null">
        #{star,jdbcType=SMALLINT},
      </if>
      <if test="addTime != null">
        #{addTime,jdbcType=TIMESTAMP},
      </if>
      <if test="updateTime != null">
        #{updateTime,jdbcType=TIMESTAMP},
      </if>
      <if test="deleted != null">
        #{deleted,jdbcType=BIT},
      </if>
    </trim>
  </insert>
  <select id="countByExample" parameterType="com.cskaoyan.bean.CommentExample" resultType="java.lang.Long">
    select count(*) from cskaoyan_mall_comment
    <if test="_parameter != null">
      <include refid="Example_Where_Clause" />
    </if>
  </select>
  <update id="updateByExampleSelective" parameterType="map">
    update cskaoyan_mall_comment
    <set>
      <if test="record.id != null">
        id = #{record.id,jdbcType=INTEGER},
      </if>
      <if test="record.valueId != null">
        value_id = #{record.valueId,jdbcType=INTEGER},
      </if>
      <if test="record.type != null">
        type = #{record.type,jdbcType=TINYINT},
      </if>
      <if test="record.content != null">
        content = #{record.content,jdbcType=VARCHAR},
      </if>
      <if test="record.userId != null">
        user_id = #{record.userId,jdbcType=INTEGER},
      </if>
      <if test="record.hasPicture != null">
        has_picture = #{record.hasPicture,jdbcType=BIT},
      </if>
      <if test="record.picUrls != null">
        pic_urls = #{record.picUrls,jdbcType=VARCHAR},
      </if>
      <if test="record.star != null">
        star = #{record.star,jdbcType=SMALLINT},
      </if>
      <if test="record.addTime != null">
        add_time = #{record.addTime,jdbcType=TIMESTAMP},
      </if>
      <if test="record.updateTime != null">
        update_time = #{record.updateTime,jdbcType=TIMESTAMP},
      </if>
      <if test="record.deleted != null">
        deleted = #{record.deleted,jdbcType=BIT},
      </if>
    </set>
    <if test="_parameter != null">
      <include refid="Update_By_Example_Where_Clause" />
    </if>
  </update>
  <update id="updateByExample" parameterType="map">
    update cskaoyan_mall_comment
    set id = #{record.id,jdbcType=INTEGER},
      value_id = #{record.valueId,jdbcType=INTEGER},
      type = #{record.type,jdbcType=TINYINT},
      content = #{record.content,jdbcType=VARCHAR},
      user_id = #{record.userId,jdbcType=INTEGER},
      has_picture = #{record.hasPicture,jdbcType=BIT},
      pic_urls = #{record.picUrls,jdbcType=VARCHAR},
      star = #{record.star,jdbcType=SMALLINT},
      add_time = #{record.addTime,jdbcType=TIMESTAMP},
      update_time = #{record.updateTime,jdbcType=TIMESTAMP},
      deleted = #{record.deleted,jdbcType=BIT}
    <if test="_parameter != null">
      <include refid="Update_By_Example_Where_Clause" />
    </if>
  </update>
  <update id="updateByPrimaryKeySelective" parameterType="com.cskaoyan.bean.Comment">
    update cskaoyan_mall_comment
    <set>
      <if test="valueId != null">
        value_id = #{valueId,jdbcType=INTEGER},
      </if>
      <if test="type != null">
        type = #{type,jdbcType=TINYINT},
      </if>
      <if test="content != null">
        content = #{content,jdbcType=VARCHAR},
      </if>
      <if test="userId != null">
        user_id = #{userId,jdbcType=INTEGER},
      </if>
      <if test="hasPicture != null">
        has_picture = #{hasPicture,jdbcType=BIT},
      </if>
      <if test="picUrls != null">
        pic_urls = #{picUrls,jdbcType=VARCHAR},
      </if>
      <if test="star != null">
        star = #{star,jdbcType=SMALLINT},
      </if>
      <if test="addTime != null">
        add_time = #{addTime,jdbcType=TIMESTAMP},
      </if>
      <if test="updateTime != null">
        update_time = #{updateTime,jdbcType=TIMESTAMP},
      </if>
      <if test="deleted != null">
        deleted = #{deleted,jdbcType=BIT},
      </if>
    </set>
    where id = #{id,jdbcType=INTEGER}
  </update>
  <update id="updateByPrimaryKey" parameterType="com.cskaoyan.bean.Comment">
    update cskaoyan_mall_comment
    set value_id = #{valueId,jdbcType=INTEGER},
      type = #{type,jdbcType=TINYINT},
      content = #{content,jdbcType=VARCHAR},
      user_id = #{userId,jdbcType=INTEGER},
      has_picture = #{hasPicture,jdbcType=BIT},
      pic_urls = #{picUrls,jdbcType=VARCHAR},
      star = #{star,jdbcType=SMALLINT},
      add_time = #{addTime,jdbcType=TIMESTAMP},
      update_time = #{updateTime,jdbcType=TIMESTAMP},
      deleted = #{deleted,jdbcType=BIT}
    where id = #{id,jdbcType=INTEGER}
  </update>
</mapper>