<?xml version="1.0" encoding="UTF-8"?>
<!DOCTYPE mapper PUBLIC "-//mybatis.org//DTD Mapper 3.0//EN" "http://mybatis.org/dtd/mybatis-3-mapper.dtd">
<mapper namespace="com.cskaoyan.mapper.CouponMapper">
  <resultMap id="BaseResultMap" type="com.cskaoyan.bean.Coupon">
    <id column="id" jdbcType="INTEGER" property="id" />
    <result column="name" jdbcType="VARCHAR" property="name" />
    <result column="desc" jdbcType="VARCHAR" property="desc" />
    <result column="tag" jdbcType="VARCHAR" property="tag" />
    <result column="total" jdbcType="INTEGER" property="total" />
    <result column="discount" jdbcType="DECIMAL" property="discount" />
    <result column="min" jdbcType="DECIMAL" property="min" />
    <result column="limit" jdbcType="SMALLINT" property="limit" />
    <result column="type" jdbcType="SMALLINT" property="type" />
    <result column="status" jdbcType="SMALLINT" property="status" />
    <result column="goods_type" jdbcType="SMALLINT" property="goodsType" />
    <result column="goods_value" jdbcType="VARCHAR" property="goodsValue" />
    <result column="code" jdbcType="VARCHAR" property="code" />
    <result column="time_type" jdbcType="SMALLINT" property="timeType" />
    <result column="days" jdbcType="SMALLINT" property="days" />
    <result column="start_time" jdbcType="TIMESTAMP" property="startTime" />
    <result column="end_time" jdbcType="TIMESTAMP" property="endTime" />
    <result column="add_time" jdbcType="TIMESTAMP" property="addTime" />
    <result column="update_time" jdbcType="TIMESTAMP" property="updateTime" />
    <result column="deleted" jdbcType="BIT" property="deleted" />
  </resultMap>
  <sql id="Example_Where_Clause">
    <where>
      <foreach collection="oredCriteria" item="criteria" separator="or">
        <if test="criteria.valid">
          <trim prefix="(" prefixOverrides="and" suffix=")">
            <foreach collection="criteria.criteria" item="criterion">
              <choose>
                <when test="criterion.noValue">
                  and ${criterion.condition}
                </when>
                <when test="criterion.singleValue">
                  and ${criterion.condition} #{criterion.value}
                </when>
                <when test="criterion.betweenValue">
                  and ${criterion.condition} #{criterion.value} and #{criterion.secondValue}
                </when>
                <when test="criterion.listValue">
                  and ${criterion.condition}
                  <foreach close=")" collection="criterion.value" item="listItem" open="(" separator=",">
                    #{listItem}
                  </foreach>
                </when>
              </choose>
            </foreach>
          </trim>
        </if>
      </foreach>
    </where>
  </sql>
  <sql id="Update_By_Example_Where_Clause">
    <where>
      <foreach collection="example.oredCriteria" item="criteria" separator="or">
        <if test="criteria.valid">
          <trim prefix="(" prefixOverrides="and" suffix=")">
            <foreach collection="criteria.criteria" item="criterion">
              <choose>
                <when test="criterion.noValue">
                  and ${criterion.condition}
                </when>
                <when test="criterion.singleValue">
                  and ${criterion.condition} #{criterion.value}
                </when>
                <when test="criterion.betweenValue">
                  and ${criterion.condition} #{criterion.value} and #{criterion.secondValue}
                </when>
                <when test="criterion.listValue">
                  and ${criterion.condition}
                  <foreach close=")" collection="criterion.value" item="listItem" open="(" separator=",">
                    #{listItem}
                  </foreach>
                </when>
              </choose>
            </foreach>
          </trim>
        </if>
      </foreach>
    </where>
  </sql>
  <sql id="Base_Column_List">
    id, `name`, `desc`, tag, total, discount, `min`, `limit`, `type`, `status`, goods_type, goods_value,
    `code`, time_type, days, start_time, end_time, add_time, update_time, deleted
  </sql>
  <select id="selectByExample"  parameterType="com.cskaoyan.bean.CouponExample" resultMap="BaseResultMap">
    select
    <if test="distinct">
      distinct
    </if>
    <include refid="Base_Column_List" />
    from cskaoyan_mall_coupon
    <if test="_parameter != null">
      <include refid="Example_Where_Clause" />
    </if>
    <if test="orderByClause != null">
      order by ${orderByClause}
    </if>
  </select>
  <select id="selectByPrimaryKey" parameterType="java.lang.Integer" resultMap="BaseResultMap">
    select 
    <include refid="Base_Column_List" />
    from cskaoyan_mall_coupon
    where id = #{id,jdbcType=INTEGER}
  </select>
  <delete id="deleteByPrimaryKey" parameterType="java.lang.Integer">
    delete from cskaoyan_mall_coupon
    where id = #{id,jdbcType=INTEGER}
  </delete>
  <delete id="deleteByExample" parameterType="com.cskaoyan.bean.CouponExample">
    delete from cskaoyan_mall_coupon
    <if test="_parameter != null">
      <include refid="Example_Where_Clause" />
    </if>
  </delete>
  <insert id="insert" parameterType="com.cskaoyan.bean.Coupon">
    insert into cskaoyan_mall_coupon (id, name, desc, 
      tag, total, discount, 
      min, limit, type, 
      status, goods_type, goods_value, 
      code, time_type, days, 
      start_time, end_time, add_time, 
      update_time, deleted)
    values (#{id,jdbcType=INTEGER}, #{name,jdbcType=VARCHAR}, #{desc,jdbcType=VARCHAR}, 
      #{tag,jdbcType=VARCHAR}, #{total,jdbcType=INTEGER}, #{discount,jdbcType=DECIMAL}, 
      #{min,jdbcType=DECIMAL}, #{limit,jdbcType=SMALLINT}, #{type,jdbcType=SMALLINT}, 
      #{status,jdbcType=SMALLINT}, #{goodsType,jdbcType=SMALLINT}, #{goodsValue,jdbcType=VARCHAR}, 
      #{code,jdbcType=VARCHAR}, #{timeType,jdbcType=SMALLINT}, #{days,jdbcType=SMALLINT}, 
      #{startTime,jdbcType=TIMESTAMP}, #{endTime,jdbcType=TIMESTAMP}, #{addTime,jdbcType=TIMESTAMP}, 
      #{updateTime,jdbcType=TIMESTAMP}, #{deleted,jdbcType=BIT})
  </insert>
  <insert id="insertSelective" useGeneratedKeys="true" keyProperty="id"  parameterType="com.cskaoyan.bean.Coupon">
    insert into cskaoyan_mall_coupon
    <trim prefix="(" suffix=")" suffixOverrides=",">
      <if test="id != null">
        id,
      </if>
      <if test="name != null">
        name,
      </if>
      <if test="desc != null">
        desc,
      </if>
      <if test="tag != null">
        tag,
      </if>
      <if test="total != null">
        total,
      </if>
      <if test="discount != null">
        discount,
      </if>
      <if test="min != null">
        min,
      </if>
      <if test="limit != null">
        limit,
      </if>
      <if test="type != null">
        type,
      </if>
      <if test="status != null">
        status,
      </if>
      <if test="goodsType != null">
        goods_type,
      </if>
      <if test="goodsValue != null">
        goods_value,
      </if>
      <if test="code != null">
        code,
      </if>
      <if test="timeType != null">
        time_type,
      </if>
      <if test="days != null">
        days,
      </if>
      <if test="startTime != null">
        start_time,
      </if>
      <if test="endTime != null">
        end_time,
      </if>
      <if test="addTime != null">
        add_time,
      </if>
      <if test="updateTime != null">
        update_time,
      </if>
      <if test="deleted != null">
        deleted,
      </if>
    </trim>
    <trim prefix="values (" suffix=")" suffixOverrides=",">
      <if test="id != null">
        #{id,jdbcType=INTEGER},
      </if>
      <if test="name != null">
        #{name,jdbcType=VARCHAR},
      </if>
      <if test="desc != null">
        #{desc,jdbcType=VARCHAR},
      </if>
      <if test="tag != null">
        #{tag,jdbcType=VARCHAR},
      </if>
      <if test="total != null">
        #{total,jdbcType=INTEGER},
      </if>
      <if test="discount != null">
        #{discount,jdbcType=DECIMAL},
      </if>
      <if test="min != null">
        #{min,jdbcType=DECIMAL},
      </if>
      <if test="limit != null">
        #{limit,jdbcType=SMALLINT},
      </if>
      <if test="type != null">
        #{type,jdbcType=SMALLINT},
      </if>
      <if test="status != null">
        #{status,jdbcType=SMALLINT},
      </if>
      <if test="goodsType != null">
        #{goodsType,jdbcType=SMALLINT},
      </if>
      <if test="goodsValue != null">
        #{goodsValue,jdbcType=VARCHAR},
      </if>
      <if test="code != null">
        #{code,jdbcType=VARCHAR},
      </if>
      <if test="timeType != null">
        #{timeType,jdbcType=SMALLINT},
      </if>
      <if test="days != null">
        #{days,jdbcType=SMALLINT},
      </if>
      <if test="startTime != null">
        #{startTime,jdbcType=TIMESTAMP},
      </if>
      <if test="endTime != null">
        #{endTime,jdbcType=TIMESTAMP},
      </if>
      <if test="addTime != null">
        #{addTime,jdbcType=TIMESTAMP},
      </if>
      <if test="updateTime != null">
        #{updateTime,jdbcType=TIMESTAMP},
      </if>
      <if test="deleted != null">
        #{deleted,jdbcType=BIT},
      </if>
    </trim>
  </insert>
  <select id="countByExample" parameterType="com.cskaoyan.bean.CouponExample" resultType="java.lang.Long">
    select count(*) from cskaoyan_mall_coupon
    <if test="_parameter != null">
      <include refid="Example_Where_Clause" />
    </if>
  </select>
  <update id="updateByExampleSelective" parameterType="map">
    update cskaoyan_mall_coupon
    <set>
      <if test="record.id != null">
        id = #{record.id,jdbcType=INTEGER},
      </if>
      <if test="record.name != null">
        name = #{record.name,jdbcType=VARCHAR},
      </if>
      <if test="record.desc != null">
        desc = #{record.desc,jdbcType=VARCHAR},
      </if>
      <if test="record.tag != null">
        tag = #{record.tag,jdbcType=VARCHAR},
      </if>
      <if test="record.total != null">
        total = #{record.total,jdbcType=INTEGER},
      </if>
      <if test="record.discount != null">
        discount = #{record.discount,jdbcType=DECIMAL},
      </if>
      <if test="record.min != null">
        min = #{record.min,jdbcType=DECIMAL},
      </if>
      <if test="record.limit != null">
        limit = #{record.limit,jdbcType=SMALLINT},
      </if>
      <if test="record.type != null">
        type = #{record.type,jdbcType=SMALLINT},
      </if>
      <if test="record.status != null">
        status = #{record.status,jdbcType=SMALLINT},
      </if>
      <if test="record.goodsType != null">
        goods_type = #{record.goodsType,jdbcType=SMALLINT},
      </if>
      <if test="record.goodsValue != null">
        goods_value = #{record.goodsValue,jdbcType=VARCHAR},
      </if>
      <if test="record.code != null">
        code = #{record.code,jdbcType=VARCHAR},
      </if>
      <if test="record.timeType != null">
        time_type = #{record.timeType,jdbcType=SMALLINT},
      </if>
      <if test="record.days != null">
        days = #{record.days,jdbcType=SMALLINT},
      </if>
      <if test="record.startTime != null">
        start_time = #{record.startTime,jdbcType=TIMESTAMP},
      </if>
      <if test="record.endTime != null">
        end_time = #{record.endTime,jdbcType=TIMESTAMP},
      </if>
      <if test="record.addTime != null">
        add_time = #{record.addTime,jdbcType=TIMESTAMP},
      </if>
      <if test="record.updateTime != null">
        update_time = #{record.updateTime,jdbcType=TIMESTAMP},
      </if>
      <if test="record.deleted != null">
        deleted = #{record.deleted,jdbcType=BIT},
      </if>
    </set>
    <if test="_parameter != null">
      <include refid="Update_By_Example_Where_Clause" />
    </if>
  </update>
  <update id="updateByExample" parameterType="map">
    update cskaoyan_mall_coupon
    set id = #{record.id,jdbcType=INTEGER},
      name = #{record.name,jdbcType=VARCHAR},
      desc = #{record.desc,jdbcType=VARCHAR},
      tag = #{record.tag,jdbcType=VARCHAR},
      total = #{record.total,jdbcType=INTEGER},
      discount = #{record.discount,jdbcType=DECIMAL},
      min = #{record.min,jdbcType=DECIMAL},
      limit = #{record.limit,jdbcType=SMALLINT},
      type = #{record.type,jdbcType=SMALLINT},
      status = #{record.status,jdbcType=SMALLINT},
      goods_type = #{record.goodsType,jdbcType=SMALLINT},
      goods_value = #{record.goodsValue,jdbcType=VARCHAR},
      code = #{record.code,jdbcType=VARCHAR},
      time_type = #{record.timeType,jdbcType=SMALLINT},
      days = #{record.days,jdbcType=SMALLINT},
      start_time = #{record.startTime,jdbcType=TIMESTAMP},
      end_time = #{record.endTime,jdbcType=TIMESTAMP},
      add_time = #{record.addTime,jdbcType=TIMESTAMP},
      update_time = #{record.updateTime,jdbcType=TIMESTAMP},
      deleted = #{record.deleted,jdbcType=BIT}
    <if test="_parameter != null">
      <include refid="Update_By_Example_Where_Clause" />
    </if>
  </update>
  <update id="updateByPrimaryKeySelective" useGeneratedKeys="true" keyProperty="id" parameterType="com.cskaoyan.bean.Coupon">
    update cskaoyan_mall_coupon
    <set>
      <if test="name != null">
        `name` = #{name,jdbcType=VARCHAR},
      </if>
      <if test="desc != null">
        `desc` = #{desc,jdbcType=VARCHAR},
      </if>
      <if test="tag != null">
        `tag` = #{tag,jdbcType=VARCHAR},
      </if>
      <if test="total != null">
        total = #{total,jdbcType=INTEGER},
      </if>
      <if test="discount != null">
        `discount` = #{discount,jdbcType=DECIMAL},
      </if>
      <if test="min != null">
        `min` = #{min,jdbcType=DECIMAL},
      </if>
      <if test="limit != null">
        `limit` = #{limit,jdbcType=SMALLINT},
      </if>
      <if test="type != null">
        `type` = #{type,jdbcType=SMALLINT},
      </if>
      <if test="status != null">
        `status` = #{status,jdbcType=SMALLINT},
      </if>
      <if test="goodsType != null">
        `goods_type` = #{goodsType,jdbcType=SMALLINT},
      </if>
      <if test="goodsValue != null">
        goods_value = #{goodsValue,jdbcType=VARCHAR},
      </if>
      <if test="code != null">
        `code` = #{code,jdbcType=VARCHAR},
      </if>
      <if test="timeType != null">
        `time_type` = #{timeType,jdbcType=SMALLINT},
      </if>
      <if test="days != null">
        days = #{days,jdbcType=SMALLINT},
      </if>
      <if test="startTime != null">
        start_time = #{startTime,jdbcType=TIMESTAMP},
      </if>
      <if test="endTime != null">
        end_time = #{endTime,jdbcType=TIMESTAMP},
      </if>
      <if test="addTime != null">
        add_time = #{addTime,jdbcType=TIMESTAMP},
      </if>
      <if test="updateTime != null">
        update_time = #{updateTime,jdbcType=TIMESTAMP},
      </if>
      <if test="deleted != null">
        `deleted` = #{deleted,jdbcType=BIT},
      </if>
    </set>
    where id = #{id,jdbcType=INTEGER}
  </update>
  <update id="updateByPrimaryKey" parameterType="com.cskaoyan.bean.Coupon">
    update cskaoyan_mall_coupon
    set name = #{name,jdbcType=VARCHAR},
      desc = #{desc,jdbcType=VARCHAR},
      tag = #{tag,jdbcType=VARCHAR},
      total = #{total,jdbcType=INTEGER},
      discount = #{discount,jdbcType=DECIMAL},
      min = #{min,jdbcType=DECIMAL},
      limit = #{limit,jdbcType=SMALLINT},
      type = #{type,jdbcType=SMALLINT},
      status = #{status,jdbcType=SMALLINT},
      goods_type = #{goodsType,jdbcType=SMALLINT},
      goods_value = #{goodsValue,jdbcType=VARCHAR},
      code = #{code,jdbcType=VARCHAR},
      time_type = #{timeType,jdbcType=SMALLINT},
      days = #{days,jdbcType=SMALLINT},
      start_time = #{startTime,jdbcType=TIMESTAMP},
      end_time = #{endTime,jdbcType=TIMESTAMP},
      add_time = #{addTime,jdbcType=TIMESTAMP},
      update_time = #{updateTime,jdbcType=TIMESTAMP},
      deleted = #{deleted,jdbcType=BIT}
    where id = #{id,jdbcType=INTEGER}
  </update>

</mapper>