<?xml version="1.0" encoding="UTF-8"?>
<!DOCTYPE mapper PUBLIC "-//mybatis.org//DTD Mapper 3.0//EN" "http://mybatis.org/dtd/mybatis-3-mapper.dtd">
<mapper namespace="com.cskaoyan.mapper.LogMapper">
  <resultMap id="BaseResultMap" type="com.cskaoyan.bean.Log">
    <id column="id" jdbcType="INTEGER" property="id" />
    <result column="admin" jdbcType="VARCHAR" property="admin" />
    <result column="ip" jdbcType="VARCHAR" property="ip" />
    <result column="type" jdbcType="INTEGER" property="type" />
    <result column="action" jdbcType="VARCHAR" property="action" />
    <result column="status" jdbcType="BIT" property="status" />
    <result column="result" jdbcType="VARCHAR" property="result" />
    <result column="comment" jdbcType="VARCHAR" property="comment" />
    <result column="add_time" jdbcType="TIMESTAMP" property="addTime" />
    <result column="update_time" jdbcType="TIMESTAMP" property="updateTime" />
    <result column="deleted" jdbcType="BIT" property="deleted" />
  </resultMap>
  <sql id="Example_Where_Clause">
    <where>
      <foreach collection="oredCriteria" item="criteria" separator="or">
        <if test="criteria.valid">
          <trim prefix="(" prefixOverrides="and" suffix=")">
            <foreach collection="criteria.criteria" item="criterion">
              <choose>
                <when test="criterion.noValue">
                  and ${criterion.condition}
                </when>
                <when test="criterion.singleValue">
                  and ${criterion.condition} #{criterion.value}
                </when>
                <when test="criterion.betweenValue">
                  and ${criterion.condition} #{criterion.value} and #{criterion.secondValue}
                </when>
                <when test="criterion.listValue">
                  and ${criterion.condition}
                  <foreach close=")" collection="criterion.value" item="listItem" open="(" separator=",">
                    #{listItem}
                  </foreach>
                </when>
              </choose>
            </foreach>
          </trim>
        </if>
      </foreach>
    </where>
  </sql>
  <sql id="Update_By_Example_Where_Clause">
    <where>
      <foreach collection="example.oredCriteria" item="criteria" separator="or">
        <if test="criteria.valid">
          <trim prefix="(" prefixOverrides="and" suffix=")">
            <foreach collection="criteria.criteria" item="criterion">
              <choose>
                <when test="criterion.noValue">
                  and ${criterion.condition}
                </when>
                <when test="criterion.singleValue">
                  and ${criterion.condition} #{criterion.value}
                </when>
                <when test="criterion.betweenValue">
                  and ${criterion.condition} #{criterion.value} and #{criterion.secondValue}
                </when>
                <when test="criterion.listValue">
                  and ${criterion.condition}
                  <foreach close=")" collection="criterion.value" item="listItem" open="(" separator=",">
                    #{listItem}
                  </foreach>
                </when>
              </choose>
            </foreach>
          </trim>
        </if>
      </foreach>
    </where>
  </sql>
  <sql id="Base_Column_List">
    id, admin, ip, type, action, status, result, comment, add_time, update_time, deleted
  </sql>
  <select id="selectByExample" parameterType="com.cskaoyan.bean.LogExample" resultMap="BaseResultMap">
    select
    <if test="distinct">
      distinct
    </if>
    <include refid="Base_Column_List" />
    from cskaoyan_mall_log
    <if test="_parameter != null">
      <include refid="Example_Where_Clause" />
    </if>
    <if test="orderByClause != null">
      order by ${orderByClause}
    </if>
  </select>
  <select id="selectByPrimaryKey" parameterType="java.lang.Integer" resultMap="BaseResultMap">
    select 
    <include refid="Base_Column_List" />
    from cskaoyan_mall_log
    where id = #{id,jdbcType=INTEGER}
  </select>
  <delete id="deleteByPrimaryKey" parameterType="java.lang.Integer">
    delete from cskaoyan_mall_log
    where id = #{id,jdbcType=INTEGER}
  </delete>
  <delete id="deleteByExample" parameterType="com.cskaoyan.bean.LogExample">
    delete from cskaoyan_mall_log
    <if test="_parameter != null">
      <include refid="Example_Where_Clause" />
    </if>
  </delete>
  <insert id="insert" parameterType="com.cskaoyan.bean.Log">
    insert into cskaoyan_mall_log (id, admin, ip, 
      type, action, status, result, 
      comment, add_time, update_time, 
      deleted)
    values (#{id,jdbcType=INTEGER}, #{admin,jdbcType=VARCHAR}, #{ip,jdbcType=VARCHAR}, 
      #{type,jdbcType=INTEGER}, #{action,jdbcType=VARCHAR}, #{status,jdbcType=BIT}, #{result,jdbcType=VARCHAR}, 
      #{comment,jdbcType=VARCHAR}, #{addTime,jdbcType=TIMESTAMP}, #{updateTime,jdbcType=TIMESTAMP}, 
      #{deleted,jdbcType=BIT})
  </insert>
  <insert id="insertSelective" parameterType="com.cskaoyan.bean.Log">
    insert into cskaoyan_mall_log
    <trim prefix="(" suffix=")" suffixOverrides=",">
      <if test="id != null">
        id,
      </if>
      <if test="admin != null">
        admin,
      </if>
      <if test="ip != null">
        ip,
      </if>
      <if test="type != null">
        type,
      </if>
      <if test="action != null">
        action,
      </if>
      <if test="status != null">
        status,
      </if>
      <if test="result != null">
        result,
      </if>
      <if test="comment != null">
        comment,
      </if>
      <if test="addTime != null">
        add_time,
      </if>
      <if test="updateTime != null">
        update_time,
      </if>
      <if test="deleted != null">
        deleted,
      </if>
    </trim>
    <trim prefix="values (" suffix=")" suffixOverrides=",">
      <if test="id != null">
        #{id,jdbcType=INTEGER},
      </if>
      <if test="admin != null">
        #{admin,jdbcType=VARCHAR},
      </if>
      <if test="ip != null">
        #{ip,jdbcType=VARCHAR},
      </if>
      <if test="type != null">
        #{type,jdbcType=INTEGER},
      </if>
      <if test="action != null">
        #{action,jdbcType=VARCHAR},
      </if>
      <if test="status != null">
        #{status,jdbcType=BIT},
      </if>
      <if test="result != null">
        #{result,jdbcType=VARCHAR},
      </if>
      <if test="comment != null">
        #{comment,jdbcType=VARCHAR},
      </if>
      <if test="addTime != null">
        #{addTime,jdbcType=TIMESTAMP},
      </if>
      <if test="updateTime != null">
        #{updateTime,jdbcType=TIMESTAMP},
      </if>
      <if test="deleted != null">
        #{deleted,jdbcType=BIT},
      </if>
    </trim>
  </insert>
  <select id="countByExample" parameterType="com.cskaoyan.bean.LogExample" resultType="java.lang.Long">
    select count(*) from cskaoyan_mall_log
    <if test="_parameter != null">
      <include refid="Example_Where_Clause" />
    </if>
  </select>
  <update id="updateByExampleSelective" parameterType="map">
    update cskaoyan_mall_log
    <set>
      <if test="record.id != null">
        id = #{record.id,jdbcType=INTEGER},
      </if>
      <if test="record.admin != null">
        admin = #{record.admin,jdbcType=VARCHAR},
      </if>
      <if test="record.ip != null">
        ip = #{record.ip,jdbcType=VARCHAR},
      </if>
      <if test="record.type != null">
        type = #{record.type,jdbcType=INTEGER},
      </if>
      <if test="record.action != null">
        action = #{record.action,jdbcType=VARCHAR},
      </if>
      <if test="record.status != null">
        status = #{record.status,jdbcType=BIT},
      </if>
      <if test="record.result != null">
        result = #{record.result,jdbcType=VARCHAR},
      </if>
      <if test="record.comment != null">
        comment = #{record.comment,jdbcType=VARCHAR},
      </if>
      <if test="record.addTime != null">
        add_time = #{record.addTime,jdbcType=TIMESTAMP},
      </if>
      <if test="record.updateTime != null">
        update_time = #{record.updateTime,jdbcType=TIMESTAMP},
      </if>
      <if test="record.deleted != null">
        deleted = #{record.deleted,jdbcType=BIT},
      </if>
    </set>
    <if test="_parameter != null">
      <include refid="Update_By_Example_Where_Clause" />
    </if>
  </update>
  <update id="updateByExample" parameterType="map">
    update cskaoyan_mall_log
    set id = #{record.id,jdbcType=INTEGER},
      admin = #{record.admin,jdbcType=VARCHAR},
      ip = #{record.ip,jdbcType=VARCHAR},
      type = #{record.type,jdbcType=INTEGER},
      action = #{record.action,jdbcType=VARCHAR},
      status = #{record.status,jdbcType=BIT},
      result = #{record.result,jdbcType=VARCHAR},
      comment = #{record.comment,jdbcType=VARCHAR},
      add_time = #{record.addTime,jdbcType=TIMESTAMP},
      update_time = #{record.updateTime,jdbcType=TIMESTAMP},
      deleted = #{record.deleted,jdbcType=BIT}
    <if test="_parameter != null">
      <include refid="Update_By_Example_Where_Clause" />
    </if>
  </update>
  <update id="updateByPrimaryKeySelective" parameterType="com.cskaoyan.bean.Log">
    update cskaoyan_mall_log
    <set>
      <if test="admin != null">
        admin = #{admin,jdbcType=VARCHAR},
      </if>
      <if test="ip != null">
        ip = #{ip,jdbcType=VARCHAR},
      </if>
      <if test="type != null">
        type = #{type,jdbcType=INTEGER},
      </if>
      <if test="action != null">
        action = #{action,jdbcType=VARCHAR},
      </if>
      <if test="status != null">
        status = #{status,jdbcType=BIT},
      </if>
      <if test="result != null">
        result = #{result,jdbcType=VARCHAR},
      </if>
      <if test="comment != null">
        comment = #{comment,jdbcType=VARCHAR},
      </if>
      <if test="addTime != null">
        add_time = #{addTime,jdbcType=TIMESTAMP},
      </if>
      <if test="updateTime != null">
        update_time = #{updateTime,jdbcType=TIMESTAMP},
      </if>
      <if test="deleted != null">
        deleted = #{deleted,jdbcType=BIT},
      </if>
    </set>
    where id = #{id,jdbcType=INTEGER}
  </update>
  <update id="updateByPrimaryKey" parameterType="com.cskaoyan.bean.Log">
    update cskaoyan_mall_log
    set admin = #{admin,jdbcType=VARCHAR},
      ip = #{ip,jdbcType=VARCHAR},
      type = #{type,jdbcType=INTEGER},
      action = #{action,jdbcType=VARCHAR},
      status = #{status,jdbcType=BIT},
      result = #{result,jdbcType=VARCHAR},
      comment = #{comment,jdbcType=VARCHAR},
      add_time = #{addTime,jdbcType=TIMESTAMP},
      update_time = #{updateTime,jdbcType=TIMESTAMP},
      deleted = #{deleted,jdbcType=BIT}
    where id = #{id,jdbcType=INTEGER}
  </update>
</mapper>