<?xml version="1.0" encoding="UTF-8"?>
<!DOCTYPE mapper PUBLIC "-//mybatis.org//DTD Mapper 3.0//EN" "http://mybatis.org/dtd/mybatis-3-mapper.dtd">
<mapper namespace="com.cskaoyan.mapper.UserFormidMapper">
  <resultMap id="BaseResultMap" type="com.cskaoyan.bean.UserFormid">
    <id column="id" jdbcType="INTEGER" property="id" />
    <result column="formId" jdbcType="VARCHAR" property="formid" />
    <result column="isprepay" jdbcType="BIT" property="isprepay" />
    <result column="useAmount" jdbcType="INTEGER" property="useamount" />
    <result column="expire_time" jdbcType="TIMESTAMP" property="expireTime" />
    <result column="openId" jdbcType="VARCHAR" property="openid" />
    <result column="add_time" jdbcType="TIMESTAMP" property="addTime" />
    <result column="update_time" jdbcType="TIMESTAMP" property="updateTime" />
    <result column="deleted" jdbcType="BIT" property="deleted" />
  </resultMap>
  <sql id="Example_Where_Clause">
    <where>
      <foreach collection="oredCriteria" item="criteria" separator="or">
        <if test="criteria.valid">
          <trim prefix="(" prefixOverrides="and" suffix=")">
            <foreach collection="criteria.criteria" item="criterion">
              <choose>
                <when test="criterion.noValue">
                  and ${criterion.condition}
                </when>
                <when test="criterion.singleValue">
                  and ${criterion.condition} #{criterion.value}
                </when>
                <when test="criterion.betweenValue">
                  and ${criterion.condition} #{criterion.value} and #{criterion.secondValue}
                </when>
                <when test="criterion.listValue">
                  and ${criterion.condition}
                  <foreach close=")" collection="criterion.value" item="listItem" open="(" separator=",">
                    #{listItem}
                  </foreach>
                </when>
              </choose>
            </foreach>
          </trim>
        </if>
      </foreach>
    </where>
  </sql>
  <sql id="Update_By_Example_Where_Clause">
    <where>
      <foreach collection="example.oredCriteria" item="criteria" separator="or">
        <if test="criteria.valid">
          <trim prefix="(" prefixOverrides="and" suffix=")">
            <foreach collection="criteria.criteria" item="criterion">
              <choose>
                <when test="criterion.noValue">
                  and ${criterion.condition}
                </when>
                <when test="criterion.singleValue">
                  and ${criterion.condition} #{criterion.value}
                </when>
                <when test="criterion.betweenValue">
                  and ${criterion.condition} #{criterion.value} and #{criterion.secondValue}
                </when>
                <when test="criterion.listValue">
                  and ${criterion.condition}
                  <foreach close=")" collection="criterion.value" item="listItem" open="(" separator=",">
                    #{listItem}
                  </foreach>
                </when>
              </choose>
            </foreach>
          </trim>
        </if>
      </foreach>
    </where>
  </sql>
  <sql id="Base_Column_List">
    id, formId, isprepay, useAmount, expire_time, openId, add_time, update_time, deleted
  </sql>
  <select id="selectByExample" parameterType="com.cskaoyan.bean.UserFormidExample" resultMap="BaseResultMap">
    select
    <if test="distinct">
      distinct
    </if>
    <include refid="Base_Column_List" />
    from cskaoyan_mall_user_formid
    <if test="_parameter != null">
      <include refid="Example_Where_Clause" />
    </if>
    <if test="orderByClause != null">
      order by ${orderByClause}
    </if>
  </select>
  <select id="selectByPrimaryKey" parameterType="java.lang.Integer" resultMap="BaseResultMap">
    select 
    <include refid="Base_Column_List" />
    from cskaoyan_mall_user_formid
    where id = #{id,jdbcType=INTEGER}
  </select>
  <delete id="deleteByPrimaryKey" parameterType="java.lang.Integer">
    delete from cskaoyan_mall_user_formid
    where id = #{id,jdbcType=INTEGER}
  </delete>
  <delete id="deleteByExample" parameterType="com.cskaoyan.bean.UserFormidExample">
    delete from cskaoyan_mall_user_formid
    <if test="_parameter != null">
      <include refid="Example_Where_Clause" />
    </if>
  </delete>
  <insert id="insert" parameterType="com.cskaoyan.bean.UserFormid">
    insert into cskaoyan_mall_user_formid (id, formId, isprepay, 
      useAmount, expire_time, openId, 
      add_time, update_time, deleted
      )
    values (#{id,jdbcType=INTEGER}, #{formid,jdbcType=VARCHAR}, #{isprepay,jdbcType=BIT}, 
      #{useamount,jdbcType=INTEGER}, #{expireTime,jdbcType=TIMESTAMP}, #{openid,jdbcType=VARCHAR}, 
      #{addTime,jdbcType=TIMESTAMP}, #{updateTime,jdbcType=TIMESTAMP}, #{deleted,jdbcType=BIT}
      )
  </insert>
  <insert id="insertSelective" parameterType="com.cskaoyan.bean.UserFormid">
    insert into cskaoyan_mall_user_formid
    <trim prefix="(" suffix=")" suffixOverrides=",">
      <if test="id != null">
        id,
      </if>
      <if test="formid != null">
        formId,
      </if>
      <if test="isprepay != null">
        isprepay,
      </if>
      <if test="useamount != null">
        useAmount,
      </if>
      <if test="expireTime != null">
        expire_time,
      </if>
      <if test="openid != null">
        openId,
      </if>
      <if test="addTime != null">
        add_time,
      </if>
      <if test="updateTime != null">
        update_time,
      </if>
      <if test="deleted != null">
        deleted,
      </if>
    </trim>
    <trim prefix="values (" suffix=")" suffixOverrides=",">
      <if test="id != null">
        #{id,jdbcType=INTEGER},
      </if>
      <if test="formid != null">
        #{formid,jdbcType=VARCHAR},
      </if>
      <if test="isprepay != null">
        #{isprepay,jdbcType=BIT},
      </if>
      <if test="useamount != null">
        #{useamount,jdbcType=INTEGER},
      </if>
      <if test="expireTime != null">
        #{expireTime,jdbcType=TIMESTAMP},
      </if>
      <if test="openid != null">
        #{openid,jdbcType=VARCHAR},
      </if>
      <if test="addTime != null">
        #{addTime,jdbcType=TIMESTAMP},
      </if>
      <if test="updateTime != null">
        #{updateTime,jdbcType=TIMESTAMP},
      </if>
      <if test="deleted != null">
        #{deleted,jdbcType=BIT},
      </if>
    </trim>
  </insert>
  <select id="countByExample" parameterType="com.cskaoyan.bean.UserFormidExample" resultType="java.lang.Long">
    select count(*) from cskaoyan_mall_user_formid
    <if test="_parameter != null">
      <include refid="Example_Where_Clause" />
    </if>
  </select>
  <update id="updateByExampleSelective" parameterType="map">
    update cskaoyan_mall_user_formid
    <set>
      <if test="record.id != null">
        id = #{record.id,jdbcType=INTEGER},
      </if>
      <if test="record.formid != null">
        formId = #{record.formid,jdbcType=VARCHAR},
      </if>
      <if test="record.isprepay != null">
        isprepay = #{record.isprepay,jdbcType=BIT},
      </if>
      <if test="record.useamount != null">
        useAmount = #{record.useamount,jdbcType=INTEGER},
      </if>
      <if test="record.expireTime != null">
        expire_time = #{record.expireTime,jdbcType=TIMESTAMP},
      </if>
      <if test="record.openid != null">
        openId = #{record.openid,jdbcType=VARCHAR},
      </if>
      <if test="record.addTime != null">
        add_time = #{record.addTime,jdbcType=TIMESTAMP},
      </if>
      <if test="record.updateTime != null">
        update_time = #{record.updateTime,jdbcType=TIMESTAMP},
      </if>
      <if test="record.deleted != null">
        deleted = #{record.deleted,jdbcType=BIT},
      </if>
    </set>
    <if test="_parameter != null">
      <include refid="Update_By_Example_Where_Clause" />
    </if>
  </update>
  <update id="updateByExample" parameterType="map">
    update cskaoyan_mall_user_formid
    set id = #{record.id,jdbcType=INTEGER},
      formId = #{record.formid,jdbcType=VARCHAR},
      isprepay = #{record.isprepay,jdbcType=BIT},
      useAmount = #{record.useamount,jdbcType=INTEGER},
      expire_time = #{record.expireTime,jdbcType=TIMESTAMP},
      openId = #{record.openid,jdbcType=VARCHAR},
      add_time = #{record.addTime,jdbcType=TIMESTAMP},
      update_time = #{record.updateTime,jdbcType=TIMESTAMP},
      deleted = #{record.deleted,jdbcType=BIT}
    <if test="_parameter != null">
      <include refid="Update_By_Example_Where_Clause" />
    </if>
  </update>
  <update id="updateByPrimaryKeySelective" parameterType="com.cskaoyan.bean.UserFormid">
    update cskaoyan_mall_user_formid
    <set>
      <if test="formid != null">
        formId = #{formid,jdbcType=VARCHAR},
      </if>
      <if test="isprepay != null">
        isprepay = #{isprepay,jdbcType=BIT},
      </if>
      <if test="useamount != null">
        useAmount = #{useamount,jdbcType=INTEGER},
      </if>
      <if test="expireTime != null">
        expire_time = #{expireTime,jdbcType=TIMESTAMP},
      </if>
      <if test="openid != null">
        openId = #{openid,jdbcType=VARCHAR},
      </if>
      <if test="addTime != null">
        add_time = #{addTime,jdbcType=TIMESTAMP},
      </if>
      <if test="updateTime != null">
        update_time = #{updateTime,jdbcType=TIMESTAMP},
      </if>
      <if test="deleted != null">
        deleted = #{deleted,jdbcType=BIT},
      </if>
    </set>
    where id = #{id,jdbcType=INTEGER}
  </update>
  <update id="updateByPrimaryKey" parameterType="com.cskaoyan.bean.UserFormid">
    update cskaoyan_mall_user_formid
    set formId = #{formid,jdbcType=VARCHAR},
      isprepay = #{isprepay,jdbcType=BIT},
      useAmount = #{useamount,jdbcType=INTEGER},
      expire_time = #{expireTime,jdbcType=TIMESTAMP},
      openId = #{openid,jdbcType=VARCHAR},
      add_time = #{addTime,jdbcType=TIMESTAMP},
      update_time = #{updateTime,jdbcType=TIMESTAMP},
      deleted = #{deleted,jdbcType=BIT}
    where id = #{id,jdbcType=INTEGER}
  </update>
</mapper>